"","Year","NOC","Athletes_F","Athletes_M","Medals_F","Medals_M","Prop_F_Athletes","Prop_F_Medals"
"1",2012,"PRK",38,16,3,3,0.703703703703704,0.5
"2",2000,"CHN",222,106,52,41,0.676829268292683,0.559139784946237
"3",2004,"NGR",46,24,0,8,0.657142857142857,0
"4",2004,"CHN",292,157,73,37,0.650334075723831,0.663636363636364
"5",2008,"PRK",41,23,5,1,0.640625,0.833333333333333
"6",1996,"CHN",200,118,79,30,0.628930817610063,0.724770642201835
"7",2016,"CHN",277,177,80,45,0.610132158590308,0.64
"8",2012,"CHN",271,190,89,55,0.587852494577007,0.618055555555556
"9",2016,"ROU",68,49,13,3,0.581196581196581,0.8125
"10",2012,"TUR",67,50,3,2,0.572649572649573,0.6
"11",2016,"UKR",140,106,11,9,0.56910569105691,0.55
"12",2000,"TPE",35,27,4,1,0.564516129032258,0.8
"13",2012,"COL",57,45,4,4,0.558823529411765,0.5
"14",2008,"ROU",70,56,21,1,0.555555555555556,0.954545454545455
"15",1996,"TPE",42,34,1,0,0.552631578947368,1
"16",2016,"NED",150,125,44,32,0.545454545454545,0.578947368421053
"17",2008,"JAM",27,23,12,2,0.54,0.857142857142857
"18",2016,"JAM",31,27,16,14,0.53448275862069,0.533333333333333
"19",2016,"BLR",78,68,12,6,0.534246575342466,0.666666666666667
"20",1992,"CHN",147,129,59,26,0.532608695652174,0.694117647058824
"21",1988,"ROU",42,37,45,13,0.531645569620253,0.775862068965517
"22",2016,"CAN",278,248,101,54,0.52851711026616,0.651612903225806
"23",1996,"DEN",65,58,17,6,0.528455284552846,0.739130434782609
"24",2004,"ROU",68,61,27,12,0.527131782945736,0.692307692307692
"25",2012,"SWE",122,112,11,29,0.521367521367521,0.275
"26",2012,"JPN",198,184,57,34,0.518324607329843,0.626373626373626
"27",2016,"SWE",129,120,38,41,0.518072289156627,0.481012658227848
"28",2016,"THA",29,27,4,2,0.517857142857143,0.666666666666667
"29",2004,"JPN",210,198,40,55,0.514705882352941,0.421052631578947
"30",2016,"ISR",26,25,1,1,0.509803921568627,0.5
"31",2012,"CAN",241,232,82,63,0.509513742071882,0.56551724137931
"32",2012,"RUS",307,297,81,84,0.508278145695364,0.490909090909091
"33",2016,"JPN",225,219,31,44,0.506756756756757,0.413333333333333
"34",2008,"SWE",116,113,33,38,0.506550218340611,0.464788732394366
"35",2016,"AUS",243,237,41,44,0.50625,0.482352941176471
"36",2016,"USA",391,386,188,140,0.503217503217503,0.573170731707317
"37",2016,"NZL",105,104,25,11,0.502392344497608,0.694444444444444
"38",2008,"NGR",37,37,6,17,0.5,0.260869565217391
"39",2016,"TPE",29,29,5,0,0.5,1
"40",2008,"NOR",75,76,21,24,0.496688741721854,0.466666666666667
"41",2004,"GRE",215,221,21,10,0.493119266055046,0.67741935483871
"42",2008,"JPN",217,225,28,24,0.490950226244344,0.538461538461538
"43",2016,"COL",70,73,4,4,0.48951048951049,0.5
"44",2008,"CHN",327,345,137,60,0.486607142857143,0.695431472081218
"45",2004,"DEN",50,53,20,9,0.485436893203884,0.689655172413793
"46",2012,"USA",360,382,198,147,0.485175202156334,0.573913043478261
"47",2000,"ROU",78,83,37,9,0.484472049689441,0.804347826086957
"48",2012,"GBR",281,301,51,76,0.482817869415808,0.401574803149606
"49",2012,"SLO",54,58,4,4,0.482142857142857,0.5
"50",2016,"KOR",134,144,23,17,0.482014388489209,0.575
"51",2008,"MEX",40,43,3,1,0.481927710843373,0.75
"52",2000,"JAM",26,28,16,7,0.481481481481481,0.695652173913043
"53",2012,"ROU",64,69,10,6,0.481203007518797,0.625
"54",2004,"BRA",121,131,19,21,0.48015873015873,0.475
"55",2012,"UKR",132,143,16,10,0.48,0.615384615384615
"56",2004,"CAN",197,215,44,47,0.478155339805825,0.483516483516484
"57",2008,"BLR",98,107,14,16,0.478048780487805,0.466666666666667
"58",2000,"NZL",74,81,1,3,0.47741935483871,0.25
"59",2008,"HUN",90,99,7,20,0.476190476190476,0.259259259259259
"60",2008,"BRA",131,145,35,43,0.47463768115942,0.448717948717949
"61",2012,"BRA",120,133,18,41,0.474308300395257,0.305084745762712
"62",2008,"RUS",297,331,105,78,0.472929936305732,0.573770491803279
"63",2016,"GER",269,300,82,113,0.472759226713532,0.42051282051282
"64",2016,"TUR",50,56,1,7,0.471698113207547,0.125
"65",2000,"CAN",206,231,56,24,0.471395881006865,0.7
"66",2004,"BUL",55,62,12,8,0.47008547008547,0.6
"67",2000,"NGR",39,44,2,6,0.469879518072289,0.25
"68",2012,"NED",96,109,46,34,0.468292682926829,0.575
"69",2000,"DEN",51,58,21,9,0.467889908256881,0.7
"70",2008,"VEN",51,58,1,0,0.467889908256881,1
"71",2008,"UKR",138,157,17,17,0.467796610169492,0.5
"72",2008,"USA",369,423,191,178,0.465909090909091,0.517615176151762
"73",1992,"PRK",39,45,4,7,0.464285714285714,0.363636363636364
"74",2004,"USA",341,394,177,170,0.463945578231293,0.510086455331412
"75",2000,"BEL",32,37,4,4,0.463768115942029,0.5
"76",2016,"RUS",230,267,105,78,0.462776659959759,0.573770491803279
"77",2000,"BRA",92,107,28,20,0.462311557788945,0.583333333333333
"78",2012,"NZL",89,105,9,18,0.458762886597938,0.333333333333333
"79",2008,"GRE",72,85,4,3,0.45859872611465,0.571428571428571
"80",2012,"AUS",204,241,67,50,0.458426966292135,0.572649572649573
"81",1988,"CHN",131,155,38,14,0.458041958041958,0.730769230769231
"82",2008,"GBR",157,186,30,52,0.457725947521866,0.365853658536585
"83",2008,"AUS",216,256,86,65,0.457627118644068,0.56953642384106
"84",2004,"SWE",99,118,28,10,0.456221198156682,0.736842105263158
"85",2016,"ESP",149,178,24,21,0.45565749235474,0.533333333333333
"86",2000,"BUL",50,60,4,10,0.454545454545455,0.285714285714286
"87",1996,"CAN",180,217,40,47,0.453400503778338,0.459770114942529
"88",2000,"NOR",76,92,47,36,0.452380952380952,0.566265060240964
"89",2012,"KOR",133,162,20,59,0.450847457627119,0.253164556962025
"90",2008,"NZL",87,106,3,12,0.450777202072539,0.2
"91",1996,"JPN",164,200,17,35,0.450549450549451,0.326923076923077
"92",2016,"BRA",214,261,7,43,0.450526315789474,0.14
"93",2008,"TPE",36,44,2,2,0.45,0.5
"94",2004,"RUS",268,329,102,125,0.44891122278057,0.449339207048458
"95",2012,"SVK",51,63,4,4,0.447368421052632,0.5
"96",2016,"IND",51,63,2,0,0.447368421052632,1
"97",2004,"MEX",50,62,3,1,0.446428571428571,0.75
"98",2004,"UKR",137,170,31,16,0.446254071661238,0.659574468085106
"99",2004,"KAZ",73,91,0,8,0.445121951219512,0
"100",2012,"RSA",56,70,2,7,0.444444444444444,0.222222222222222
"101",2000,"AUS",284,356,90,94,0.44375,0.489130434782609
"102",2008,"KAZ",82,103,4,9,0.443243243243243,0.307692307692308
"103",2004,"NZL",70,88,3,3,0.443037974683544,0.5
"104",2012,"IRL",31,39,1,4,0.442857142857143,0.2
"105",2016,"HUN",75,95,14,8,0.441176470588235,0.636363636363636
"106",2004,"ESP",142,181,8,22,0.439628482972136,0.266666666666667
"107",2016,"ITA",184,235,32,54,0.439140811455847,0.372093023255814
"108",2008,"CAN",229,294,57,47,0.437858508604206,0.548076923076923
"109",2016,"SUI",111,143,28,13,0.437007874015748,0.682926829268293
"110",2016,"GBR",180,233,69,86,0.435835351089588,0.445161290322581
"111",2004,"GER",260,338,103,107,0.434782608695652,0.49047619047619
"112",2016,"SRB",48,63,26,28,0.432432432432432,0.481481481481481
"113",2004,"AUS",214,281,63,96,0.432323232323232,0.39622641509434
"114",2004,"KOR",134,176,37,22,0.432258064516129,0.627118644067797
"115",2000,"USA",333,438,151,125,0.431906614785992,0.547101449275362
"116",2008,"ESP",129,170,13,57,0.431438127090301,0.185714285714286
"117",2008,"RSA",59,78,0,1,0.430656934306569,0
"118",2004,"HUN",100,133,11,29,0.429184549356223,0.275
"119",2012,"DEN",56,75,2,14,0.427480916030534,0.125
"120",1992,"NED",94,126,9,28,0.427272727272727,0.243243243243243
"121",2012,"GER",227,305,56,92,0.426691729323308,0.378378378378378
"122",2008,"NED",115,155,61,13,0.425925925925926,0.824324324324324
"123",2000,"RUS",237,320,109,130,0.425493716337522,0.456066945606695
"124",2008,"GER",244,331,71,82,0.424347826086957,0.464052287581699
"125",1996,"NED",110,150,29,48,0.423076923076923,0.376623376623377
"126",2012,"FRA",179,249,39,57,0.418224299065421,0.40625
"127",1992,"NGR",23,32,4,7,0.418181818181818,0.363636363636364
"128",2012,"ITA",163,227,17,56,0.417948717948718,0.232876712328767
"129",2016,"KEN",33,46,7,6,0.417721518987342,0.538461538461538
"130",2000,"GER",228,319,83,79,0.416819012797075,0.512345679012346
"131",1988,"BEL",25,35,0,2,0.416666666666667,0
"132",2012,"POR",32,45,0,2,0.415584415584416,0
"133",2004,"TPE",39,55,4,5,0.414893617021277,0.444444444444444
"134",2000,"BLR",82,116,13,11,0.414141414141414,0.541666666666667
"135",2012,"POL",106,150,13,7,0.4140625,0.65
"136",2004,"BLR",89,126,7,9,0.413953488372093,0.4375
"137",1996,"NOR",76,108,24,29,0.41304347826087,0.452830188679245
"138",2000,"FIN",64,91,20,43,0.412903225806452,0.317460317460317
"139",2016,"FRA",206,293,31,83,0.412825651302605,0.271929824561404
"140",2000,"JPN",174,248,41,16,0.412322274881517,0.719298245614035
"141",2012,"BLR",85,122,18,8,0.410628019323671,0.692307692307692
"142",2016,"KAZ",62,89,8,11,0.410596026490066,0.421052631578947
"143",1996,"BLR",78,112,13,12,0.410526315789474,0.52
"144",1996,"ROU",77,111,29,9,0.409574468085106,0.763157894736842
"145",2000,"UKR",117,169,14,22,0.409090909090909,0.388888888888889
"146",1996,"USA",325,471,139,139,0.408291457286432,0.5
"147",2012,"FIN",60,87,28,24,0.408163265306122,0.538461538461538
"148",2012,"HUN",68,99,10,16,0.407185628742515,0.384615384615385
"149",2008,"BUL",37,54,3,3,0.406593406593407,0.5
"150",1976,"GDR",132,194,111,116,0.404907975460123,0.488986784140969
"151",2008,"ARG",57,84,17,34,0.404255319148936,0.333333333333333
"152",2016,"POL",118,174,18,9,0.404109589041096,0.666666666666667
"153",2008,"SUI",84,124,11,21,0.403846153846154,0.34375
"154",2012,"CUB",44,65,3,11,0.403669724770642,0.214285714285714
"155",2008,"IND",23,34,0,3,0.403508771929825,0
"156",2012,"BUL",33,49,1,1,0.402439024390244,0.5
"157",2000,"HUN",78,117,25,28,0.4,0.471698113207547
"158",2012,"CRO",50,75,2,36,0.4,0.0526315789473684
"159",2016,"MAR",20,30,0,1,0.4,0
"160",2000,"GRE",61,92,10,8,0.398692810457516,0.555555555555556
"161",2016,"FIN",61,92,8,26,0.398692810457516,0.235294117647059
"162",2012,"ESP",118,178,46,17,0.398648648648649,0.73015873015873
"163",2008,"ALG",23,35,1,1,0.396551724137931,0.5
"164",2008,"ITA",203,309,24,43,0.396484375,0.358208955223881
"165",2004,"COL",21,32,2,0,0.39622641509434,1
"166",2000,"GBR",136,208,15,43,0.395348837209302,0.258620689655172
"167",1996,"AUS",174,268,72,64,0.393665158371041,0.529411764705882
"168",2000,"SWE",98,151,16,23,0.393574297188755,0.41025641025641
"169",2008,"KOR",120,185,39,58,0.39344262295082,0.402061855670103
"170",2012,"AUT",57,88,6,20,0.393103448275862,0.230769230769231
"171",1984,"CHN",99,153,47,27,0.392857142857143,0.635135135135135
"172",1992,"ROU",77,119,32,21,0.392857142857143,0.60377358490566
"173",1984,"ROU",56,87,58,48,0.391608391608392,0.547169811320755
"174",2008,"FRA",153,238,16,76,0.391304347826087,0.173913043478261
"175",2016,"BUL",27,42,7,0,0.391304347826087,1
"176",2012,"CZE",87,136,10,13,0.390134529147982,0.434782608695652
"177",1996,"RUS",196,307,51,100,0.389662027833002,0.337748344370861
"178",1984,"NED",58,91,39,2,0.389261744966443,0.951219512195122
"179",2008,"FIN",57,90,6,40,0.387755102040816,0.130434782608696
"180",2008,"POL",117,185,5,17,0.387417218543046,0.227272727272727
"181",2004,"GBR",121,192,28,35,0.386581469648562,0.444444444444444
"182",2012,"BEL",46,73,2,1,0.38655462184874,0.666666666666667
"183",2000,"KEN",22,35,1,6,0.385964912280702,0.142857142857143
"184",2008,"LTU",30,48,1,4,0.384615384615385,0.2
"185",2016,"GRE",38,61,3,4,0.383838383838384,0.428571428571429
"186",2004,"ITA",181,292,35,90,0.382663847780127,0.28
"187",2012,"VEN",26,42,0,1,0.382352941176471,0
"188",1996,"GER",220,358,62,102,0.380622837370242,0.378048780487805
"189",1996,"UKR",102,166,16,20,0.380597014925373,0.444444444444444
"190",1996,"JAM",19,31,9,7,0.38,0.5625
"191",1996,"KOR",123,201,53,22,0.37962962962963,0.706666666666667
"192",2000,"NED",96,157,48,42,0.379446640316206,0.533333333333333
"193",1988,"GDR",118,193,107,106,0.379421221864952,0.502347417840376
"194",2004,"NED",89,146,43,42,0.378723404255319,0.505882352941176
"195",2016,"NOR",65,107,32,23,0.377906976744186,0.581818181818182
"196",2016,"AUT",74,123,9,20,0.375634517766497,0.310344827586207
"197",2004,"RSA",40,67,1,9,0.373831775700935,0.1
"198",1988,"NED",59,99,27,25,0.373417721518987,0.519230769230769
"199",2012,"KAZ",56,94,7,7,0.373333333333333,0.5
"200",2004,"CZE",81,137,6,10,0.371559633027523,0.375
"201",1996,"GBR",123,209,2,27,0.370481927710843,0.0689655172413793
"202",2012,"MEX",37,63,6,18,0.37,0.25
"203",2000,"KOR",117,201,21,64,0.367924528301887,0.247058823529412
"204",2012,"LTU",25,43,2,3,0.367647058823529,0.4
"205",2012,"GRE",40,69,2,1,0.36697247706422,0.666666666666667
"206",2008,"CZE",79,138,5,29,0.36405529953917,0.147058823529412
"207",2012,"SUI",84,148,2,14,0.362068965517241,0.125
"208",1992,"GBR",152,268,24,26,0.361904761904762,0.48
"209",1984,"CAN",171,303,37,54,0.360759493670886,0.406593406593407
"210",1992,"CAN",145,258,27,53,0.359801488833747,0.3375
"211",2008,"COL",24,43,1,1,0.358208955223881,0.5
"212",2000,"CUB",82,147,14,51,0.358078602620087,0.215384615384615
"213",2004,"CUB",54,97,22,40,0.357615894039735,0.354838709677419
"214",1988,"GBR",140,253,6,48,0.356234096692112,0.111111111111111
"215",1992,"BEL",26,47,2,1,0.356164383561644,0.666666666666667
"216",2016,"MEX",44,80,2,3,0.354838709677419,0.4
"217",2008,"CUB",56,102,9,38,0.354430379746835,0.191489361702128
"218",1980,"GDR",141,258,135,168,0.353383458646617,0.445544554455446
"219",2016,"EST",25,46,0,4,0.352112676056338,0
"220",1988,"BUL",70,129,22,19,0.351758793969849,0.536585365853659
"221",2000,"FRA",155,286,16,65,0.351473922902494,0.197530864197531
"222",2016,"ARG",78,144,2,20,0.351351351351351,0.0909090909090909
"223",1992,"BUL",59,109,5,12,0.351190476190476,0.294117647058824
"224",2004,"FIN",53,98,0,15,0.350993377483444,0
"225",1988,"USA",226,418,71,143,0.350931677018634,0.331775700934579
"226",1996,"SUI",61,113,7,20,0.350574712643678,0.259259259259259
"227",2008,"SLO",34,63,2,3,0.350515463917526,0.4
"228",2016,"DEN",45,84,14,27,0.348837209302326,0.341463414634146
"229",1996,"BEL",23,43,3,3,0.348484848484849,0.5
"230",1976,"NED",40,75,3,17,0.347826086956522,0.15
"231",2000,"IRL",24,45,1,0,0.347826086956522,1
"232",1992,"GER",199,375,101,135,0.346689895470383,0.427966101694915
"233",1992,"USA",240,453,113,125,0.346320346320346,0.474789915966387
"234",2000,"THA",18,34,1,2,0.346153846153846,0.333333333333333
"235",1992,"EUN",208,396,117,162,0.344370860927152,0.419354838709677
"236",2016,"BEL",38,73,2,19,0.342342342342342,0.0952380952380952
"237",2016,"CZE",65,125,11,15,0.342105263157895,0.423076923076923
"238",2004,"NOR",44,85,15,33,0.341085271317829,0.3125
"239",2012,"NOR",53,103,24,32,0.33974358974359,0.428571428571429
"240",2004,"BEL",19,37,2,1,0.339285714285714,0.666666666666667
"241",2012,"UZB",19,37,0,3,0.339285714285714,0
"242",1984,"USA",213,415,144,217,0.339171974522293,0.398891966759003
"243",2012,"EST",21,41,1,2,0.338709677419355,0.333333333333333
"244",1996,"BUL",43,84,9,12,0.338582677165354,0.428571428571429
"245",2000,"LTU",23,45,4,13,0.338235294117647,0.235294117647059
"246",2016,"NGR",24,47,0,18,0.338028169014085,0
"247",2004,"IND",25,49,0,1,0.337837837837838,0
"248",1996,"HUN",77,152,21,22,0.336244541484716,0.488372093023256
"249",2008,"AUT",48,95,8,25,0.335664335664336,0.242424242424242
"250",2000,"MEX",26,52,1,5,0.333333333333333,0.166666666666667
"251",2000,"SUI",57,114,9,19,0.333333333333333,0.321428571428571
"252",2008,"POR",26,52,1,1,0.333333333333333,0.5
"253",2016,"IRL",27,54,1,2,0.333333333333333,0.333333333333333
"254",1996,"FRA",132,265,24,38,0.332493702770781,0.387096774193548
"255",2004,"FRA",140,282,28,40,0.33175355450237,0.411764705882353
"256",2004,"SUI",69,139,12,19,0.331730769230769,0.387096774193548
"257",1984,"KOR",63,127,26,15,0.331578947368421,0.634146341463415
"258",1996,"ESP",100,202,13,53,0.33112582781457,0.196969696969697
"259",2000,"ESP",110,223,4,38,0.33033033033033,0.0952380952380952
"260",1996,"SWE",86,175,9,46,0.329501915708812,0.163636363636364
"261",1992,"AUS",99,202,12,45,0.32890365448505,0.210526315789474
"262",2016,"UZB",24,49,0,13,0.328767123287671,0
"263",2016,"TUN",20,41,2,1,0.327868852459016,0.666666666666667
"264",2004,"SLO",39,80,2,7,0.327731092436975,0.222222222222222
"265",1992,"IOA",19,39,2,1,0.327586206896552,0.666666666666667
"266",2016,"POR",30,62,1,0,0.326086956521739,1
"267",1976,"CAN",144,299,17,9,0.325056433408578,0.653846153846154
"268",1996,"CUB",53,111,16,39,0.323170731707317,0.290909090909091
"269",2000,"POL",73,153,9,15,0.323008849557522,0.375
"270",2016,"SLO",39,82,6,6,0.322314049586777,0.5
"271",1988,"KOR",136,287,36,41,0.321513002364066,0.467532467532468
"272",2016,"FIJ",17,36,0,13,0.320754716981132,0
"273",2000,"AUT",60,128,6,18,0.319148936170213,0.25
"274",2016,"SVK",36,77,1,8,0.31858407079646,0.111111111111111
"275",2000,"IND",21,45,1,0,0.318181818181818,1
"276",1988,"URS",185,397,103,263,0.31786941580756,0.281420765027322
"277",1992,"JPN",100,215,12,47,0.317460317460317,0.203389830508475
"278",2012,"SRB",40,86,2,14,0.317460317460317,0.125
"279",2000,"ARG",46,99,17,3,0.317241379310345,0.85
"280",2016,"LTU",24,52,2,5,0.31578947368421,0.285714285714286
"281",1980,"BUL",88,191,36,55,0.315412186379928,0.395604395604396
"282",1992,"NOR",51,111,20,27,0.314814814814815,0.425531914893617
"283",2000,"ITA",149,325,20,62,0.314345991561181,0.24390243902439
"284",1996,"FIN",43,94,3,31,0.313868613138686,0.0882352941176471
"285",2004,"TUR",21,46,1,10,0.313432835820896,0.0909090909090909
"286",1984,"GBR",121,266,18,55,0.31266149870801,0.246575342465753
"287",2012,"EGY",34,75,0,2,0.311926605504587,0
"288",2016,"RSA",42,93,2,21,0.311111111111111,0.0869565217391304
"289",2000,"LAT",23,51,0,3,0.310810810810811,0
"290",2000,"KAZ",59,131,2,7,0.310526315789474,0.222222222222222
"291",1980,"HUN",82,183,9,54,0.309433962264151,0.142857142857143
"292",1992,"NZL",43,96,6,10,0.309352517985612,0.375
"293",2004,"VEN",16,36,1,1,0.307692307692308,0.5
"294",1980,"GBR",82,185,13,35,0.307116104868914,0.270833333333333
"295",1988,"CAN",135,305,17,12,0.306818181818182,0.586206896551724
"296",2016,"EGY",37,84,2,1,0.305785123966942,0.666666666666667
"297",1992,"KOR",76,173,28,28,0.305220883534137,0.5
"298",1980,"CAN",18,41,0,2,0.305084745762712,0
"299",1996,"CZE",54,123,5,8,0.305084745762712,0.384615384615385
"300",2008,"SVK",35,80,2,9,0.304347826086957,0.181818181818182
"301",1996,"NZL",31,71,3,6,0.303921568627451,0.333333333333333
"302",1976,"HUN",55,126,24,31,0.303867403314917,0.436363636363636
"303",2004,"POL",67,154,8,6,0.30316742081448,0.571428571428571
"304",2000,"RSA",39,90,2,3,0.302325581395349,0.4
"305",1992,"DEN",35,81,0,14,0.301724137931034,0
"306",2008,"EST",22,51,2,4,0.301369863013699,0.333333333333333
"307",2008,"TUR",22,51,3,4,0.301369863013699,0.428571428571429
"308",2004,"ARG",49,114,19,30,0.300613496932515,0.387755102040816
"309",1980,"URS",172,403,152,344,0.299130434782609,0.306451612903226
"310",2012,"ARG",43,101,15,4,0.298611111111111,0.789473684210526
"311",1984,"AUS",75,177,11,41,0.297619047619048,0.211538461538462
"312",1996,"PUR",22,52,0,1,0.297297297297297,0
"313",1976,"URS",145,344,120,222,0.296523517382413,0.350877192982456
"314",2000,"SLO",32,76,0,3,0.296296296296296,0
"315",1976,"USA",148,354,60,115,0.294820717131474,0.342857142857143
"316",2000,"VEN",15,36,0,0,0.294117647058824,NA
"317",1992,"ESP",129,310,25,45,0.293849658314351,0.357142857142857
"318",1996,"BRA",65,157,28,35,0.292792792792793,0.444444444444444
"319",1996,"ITA",130,314,30,73,0.292792792792793,0.29126213592233
"320",1984,"FRG",138,336,51,115,0.291139240506329,0.307228915662651
"321",2016,"CUB",34,83,2,9,0.290598290598291,0.181818181818182
"322",1980,"ROU",76,187,25,43,0.288973384030418,0.367647058823529
"323",2004,"IRL",15,37,0,0,0.288461538461538,NA
"324",1996,"SLO",17,42,3,2,0.288135593220339,0.6
"325",2008,"IRL",17,42,0,3,0.288135593220339,0
"326",1992,"TCH",81,201,0,35,0.287234042553192,0
"327",2000,"CRO",27,67,0,10,0.287234042553192,0
"328",1992,"HUN",69,172,13,32,0.286307053941909,0.288888888888889
"329",1976,"ROU",54,135,17,38,0.285714285714286,0.309090909090909
"330",1984,"GDR",16,40,13,20,0.285714285714286,0.393939393939394
"331",1992,"FRA",128,320,13,56,0.285714285714286,0.188405797101449
"332",1992,"CUB",50,126,17,52,0.284090909090909,0.246376811594203
"333",1988,"TCH",63,159,2,14,0.283783783783784,0.125
"334",1996,"LTU",19,48,0,11,0.283582089552239,0
"335",1976,"BUL",53,134,25,14,0.283422459893048,0.641025641025641
"336",2008,"UZB",17,43,1,5,0.283333333333333,0.166666666666667
"337",1996,"ARG",53,136,0,20,0.28042328042328,0
"338",2004,"UZB",21,54,0,5,0.28,0
"339",1988,"FRG",122,315,22,107,0.279176201372998,0.170542635658915
"340",2016,"VEN",24,62,2,1,0.27906976744186,0.666666666666667
"341",2012,"AZE",15,39,2,8,0.277777777777778,0.2
"342",1996,"GRE",36,94,1,7,0.276923076923077,0.125
"343",2008,"SRB",24,63,0,15,0.275862068965517,0
"344",1992,"AUT",44,116,8,27,0.275,0.228571428571429
"345",2012,"IND",23,61,2,4,0.273809523809524,0.333333333333333
"346",1960,"NED",32,85,3,2,0.273504273504274,0.6
"347",1992,"FIN",41,109,2,18,0.273333333333333,0.1
"348",1988,"AUS",74,197,21,14,0.273062730627306,0.6
"349",1996,"MEX",27,72,0,1,0.272727272727273,0
"350",2008,"DEN",24,64,3,16,0.272727272727273,0.157894736842105
"351",1996,"KAZ",34,91,0,14,0.272,0
"352",1976,"GBR",77,207,0,33,0.27112676056338,0
"353",1988,"TPE",20,54,0,0,0.27027027027027,NA
"354",1996,"LAT",20,54,0,1,0.27027027027027,0
"355",2000,"UZB",20,54,0,4,0.27027027027027,0
"356",1992,"BRA",51,138,0,14,0.26984126984127,0
"357",1996,"POL",52,141,6,16,0.269430051813472,0.272727272727273
"358",1972,"NED",35,95,6,9,0.269230769230769,0.4
"359",1992,"RSA",25,68,1,2,0.268817204301075,0.333333333333333
"360",1984,"BEL",18,49,2,3,0.26865671641791,0.4
"361",1972,"CAN",68,187,3,9,0.266666666666667,0.25
"362",1988,"FRA",89,245,2,29,0.266467065868263,0.0645161290322581
"363",1988,"DEN",21,58,0,7,0.265822784810127,0
"364",2012,"MAR",17,47,0,1,0.265625,0
"365",1988,"NOR",35,97,18,15,0.265151515151515,0.545454545454545
"366",1976,"KOR",14,39,12,5,0.264150943396226,0.705882352941177
"367",1992,"LTU",14,39,0,13,0.264150943396226,0
"368",1980,"BEL",16,45,0,1,0.262295081967213,0
"369",1992,"SUI",46,130,0,8,0.261363636363636,0
"370",2008,"EGY",26,74,0,1,0.26,0
"371",1988,"JPN",78,223,4,17,0.259136212624585,0.19047619047619
"372",1968,"NED",30,86,7,16,0.258620689655172,0.304347826086957
"373",2000,"TUR",15,43,1,4,0.258620689655172,0.2
"374",1968,"KOR",16,46,0,2,0.258064516129032,0
"375",1976,"BEL",27,78,0,9,0.257142857142857,0
"376",2000,"CZE",46,134,3,29,0.255555555555556,0.09375
"377",2016,"AZE",15,44,4,14,0.254237288135593,0.222222222222222
"378",1992,"ITA",104,307,14,52,0.253041362530414,0.212121212121212
"379",1984,"URS",25,74,10,46,0.252525252525253,0.178571428571429
"380",1972,"GBR",81,240,4,25,0.252336448598131,0.137931034482759
"381",1992,"POL",64,190,2,44,0.251968503937008,0.0434782608695652
"382",1976,"JPN",68,203,12,29,0.250922509225092,0.292682926829268
"383",1984,"NZL",34,102,0,23,0.25,0
"384",2008,"LAT",26,78,0,4,0.25,0
"385",1988,"YUG",44,133,17,52,0.248587570621469,0.246376811594203
"386",1980,"AUS",32,97,2,11,0.248062015503876,0.153846153846154
"387",1980,"USA",25,76,4,26,0.247524752475248,0.133333333333333
"388",1956,"ROU",17,52,8,11,0.246376811594203,0.421052631578947
"389",1996,"EST",17,52,0,0,0.246376811594203,NA
"390",1996,"NGR",16,49,7,17,0.246153846153846,0.291666666666667
"391",1992,"MEX",30,92,0,1,0.245901639344262,0
"392",2004,"ALG",15,46,0,0,0.245901639344262,NA
"393",1992,"POR",22,68,0,0,0.244444444444444,NA
"394",1996,"RSA",21,65,3,2,0.244186046511628,0.6
"395",1980,"ITA",50,155,3,37,0.24390243902439,0.075
"396",1952,"NED",28,87,7,14,0.243478260869565,0.333333333333333
"397",1988,"SUI",41,128,9,19,0.242603550295858,0.321428571428571
"398",2000,"SVK",35,110,2,4,0.241379310344828,0.333333333333333
"399",2012,"TUN",20,63,1,2,0.240963855421687,0.333333333333333
"400",1984,"TCH",12,38,6,22,0.24,0.214285714285714
"401",2016,"CRO",23,73,3,22,0.239583333333333,0.12
"402",2004,"SVK",27,86,1,9,0.238938053097345,0.1
"403",2004,"AUT",39,125,4,24,0.23780487804878,0.142857142857143
"404",1980,"FRG",19,61,3,5,0.2375,0.375
"405",2004,"EST",14,45,0,6,0.23728813559322,0
"406",2012,"LAT",23,75,0,6,0.23469387755102,0
"407",1992,"SWE",61,199,7,35,0.234615384615385,0.166666666666667
"408",1984,"SUI",40,131,5,16,0.233918128654971,0.238095238095238
"409",1972,"GDR",79,260,53,118,0.233038348082596,0.309941520467836
"410",1960,"AUT",30,99,1,8,0.232558139534884,0.111111111111111
"411",1980,"AUT",29,97,2,11,0.23015873015873,0.153846153846154
"412",1968,"USA",104,349,51,122,0.229580573951435,0.294797687861272
"413",1984,"AUT",38,128,0,4,0.228915662650602,0
"414",1968,"GBR",60,203,4,15,0.228136882129278,0.210526315789474
"415",1992,"LAT",13,44,0,3,0.228070175438596,0
"416",2016,"LAT",20,68,1,10,0.227272727272727,0.0909090909090909
"417",1988,"ARG",30,103,1,12,0.225563909774436,0.0769230769230769
"418",1964,"USA",98,338,46,131,0.224770642201835,0.259887005649718
"419",2004,"LTU",15,52,1,2,0.223880597014925,0.333333333333333
"420",1980,"POL",75,261,6,44,0.223214285714286,0.12
"421",1984,"SWE",52,181,10,54,0.223175965665236,0.15625
"422",1968,"URS",86,300,57,172,0.22279792746114,0.248908296943231
"423",1984,"YUG",47,164,15,73,0.222748815165877,0.170454545454545
"424",1984,"JPN",59,206,15,35,0.222641509433962,0.3
"425",1948,"NED",34,119,14,28,0.222222222222222,0.333333333333333
"426",1980,"IND",16,56,0,16,0.222222222222222,0
"427",1996,"POR",24,84,1,2,0.222222222222222,0.333333333333333
"428",2000,"POR",14,49,1,1,0.222222222222222,0.5
"429",1976,"TCH",49,172,1,33,0.221719457013575,0.0294117647058824
"430",1964,"GBR",53,187,8,22,0.220833333333333,0.266666666666667
"431",1984,"MEX",22,78,0,6,0.22,0
"432",1948,"AUT",44,157,10,6,0.218905472636816,0.625
"433",1972,"USA",110,393,46,149,0.218687872763419,0.235897435897436
"434",1984,"FRA",59,211,9,61,0.218518518518519,0.128571428571429
"435",1968,"POL",45,163,14,23,0.216346153846154,0.378378378378378
"436",1980,"TCH",54,196,18,34,0.216,0.346153846153846
"437",2008,"CRO",26,95,6,2,0.214876033057851,0.75
"438",2004,"CRO",20,74,4,21,0.212765957446809,0.16
"439",1980,"NED",22,82,6,4,0.211538461538462,0.6
"440",1992,"ARG",22,82,0,2,0.211538461538462,0
"441",1972,"URS",94,353,55,204,0.210290827740492,0.212355212355212
"442",2004,"POR",17,64,0,3,0.209876543209877,0
"443",1988,"GRE",13,49,0,1,0.209677419354839,0
"444",1992,"SLO",13,49,0,6,0.209677419354839,0
"445",1972,"JPN",56,213,13,46,0.20817843866171,0.220338983050847
"446",1968,"CAN",43,165,8,22,0.206730769230769,0.266666666666667
"447",1988,"BRA",33,127,0,23,0.20625,0
"448",1988,"POL",36,139,1,20,0.205714285714286,0.0476190476190476
"449",1996,"AUT",31,120,5,10,0.205298013245033,0.333333333333333
"450",1996,"IRL",16,62,4,0,0.205128205128205,1
"451",1964,"URS",79,307,67,154,0.204663212435233,0.30316742081448
"452",1972,"CUB",28,109,5,17,0.204379562043796,0.227272727272727
"453",1980,"FRA",29,114,7,23,0.202797202797203,0.233333333333333
"454",1968,"TCH",34,135,14,36,0.201183431952663,0.28
"455",1976,"FRG",72,289,15,95,0.199445983379501,0.136363636363636
"456",1988,"FIN",26,105,6,32,0.198473282442748,0.157894736842105
"457",1936,"CAN",25,101,5,30,0.198412698412698,0.142857142857143
"458",1988,"SWE",50,202,2,44,0.198412698412698,0.0434782608695652
"459",1960,"GER",73,295,30,68,0.198369565217391,0.306122448979592
"460",1972,"HUN",46,187,15,66,0.197424892703863,0.185185185185185
"461",1972,"FRG",99,403,30,82,0.197211155378486,0.267857142857143
"462",1988,"HUN",38,155,11,33,0.196891191709845,0.25
"463",1976,"AUS",37,151,0,23,0.196808510638298,0
"464",1952,"GBR",54,221,8,24,0.196363636363636,0.25
"465",1964,"GER",85,348,16,110,0.196304849884527,0.126984126984127
"466",1960,"GBR",53,217,8,20,0.196296296296296,0.285714285714286
"467",1952,"AUT",29,121,3,8,0.193333333333333,0.272727272727273
"468",1992,"GRE",15,63,1,1,0.192307692307692,0.5
"469",1996,"KEN",10,42,1,7,0.192307692307692,0.125
"470",1968,"HUN",34,143,11,70,0.192090395480226,0.135802469135802
"471",1936,"GBR",47,198,6,47,0.191836734693878,0.113207547169811
"472",1988,"MEX",18,76,0,2,0.191489361702128,0
"473",1956,"POL",22,93,7,13,0.191304347826087,0.35
"474",1972,"SWE",36,153,5,21,0.19047619047619,0.192307692307692
"475",2004,"LAT",15,64,1,3,0.189873417721519,0.25
"476",1932,"GBR",21,90,10,25,0.189189189189189,0.285714285714286
"477",1964,"POL",36,155,18,28,0.18848167539267,0.391304347826087
"478",1964,"CAN",32,138,2,10,0.188235294117647,0.166666666666667
"479",1988,"NZL",17,74,4,20,0.186813186813187,0.166666666666667
"480",1960,"USA",69,302,35,117,0.185983827493261,0.230263157894737
"481",1956,"HUN",21,92,19,47,0.185840707964602,0.287878787878788
"482",1996,"SVK",21,92,0,3,0.185840707964602,0
"483",1960,"URS",64,281,51,160,0.185507246376812,0.241706161137441
"484",2004,"TUN",10,44,0,0,0.185185185185185,NA
"485",1968,"GDR",52,231,18,40,0.183745583038869,0.310344827586207
"486",1984,"DEN",11,49,6,7,0.183333333333333,0.461538461538462
"487",1988,"ITA",57,254,5,32,0.183279742765273,0.135135135135135
"488",1968,"AUS",24,107,11,40,0.183206106870229,0.215686274509804
"489",1964,"ROU",30,135,6,10,0.181818181818182,0.375
"490",1964,"HUN",38,172,9,47,0.180952380952381,0.160714285714286
"491",1972,"TCH",40,182,3,46,0.18018018018018,0.0612244897959184
"492",1984,"TPE",9,41,0,1,0.18,0
"493",1964,"AUT",25,114,5,12,0.179856115107914,0.294117647058824
"494",1972,"BUL",24,110,4,18,0.17910447761194,0.181818181818182
"495",1964,"FRA",29,133,7,31,0.179012345679012,0.184210526315789
"496",1980,"YUG",32,147,26,31,0.17877094972067,0.456140350877193
"497",1984,"ITA",61,281,5,60,0.178362573099415,0.0769230769230769
"498",1960,"POL",35,163,9,23,0.176767676767677,0.28125
"499",1968,"AUT",21,98,4,16,0.176470588235294,0.2
"500",1956,"CAN",23,108,3,36,0.175572519083969,0.0769230769230769
"501",1948,"GBR",81,381,7,56,0.175324675324675,0.111111111111111
"502",1968,"FRG",63,299,13,48,0.174033149171271,0.213114754098361
"503",1964,"KOR",28,133,0,3,0.173913043478261,0
"504",2008,"BEL",17,81,5,0,0.173469387755102,1
"505",1948,"HUN",26,124,13,51,0.173333333333333,0.203125
"506",1956,"TCH",18,86,2,5,0.173076923076923,0.285714285714286
"507",1972,"SUI",35,168,2,23,0.172413793103448,0.08
"508",1964,"SWE",26,125,3,40,0.172185430463576,0.0697674418604651
"509",1968,"NOR",19,92,5,23,0.171171171171171,0.178571428571429
"510",1964,"JPN",64,311,18,44,0.170666666666667,0.290322580645161
"511",1952,"GER",44,214,12,40,0.170542635658915,0.230769230769231
"512",1980,"SWE",35,171,6,37,0.169902912621359,0.13953488372093
"513",1964,"AUS",42,206,11,33,0.169354838709677,0.25
"514",1972,"AUS",29,143,10,10,0.168604651162791,0.5
"515",2000,"EGY",15,74,0,0,0.168539325842697,NA
"516",1964,"NED",22,109,11,22,0.16793893129771,0.333333333333333
"517",1976,"SWE",26,129,1,11,0.167741935483871,0.0833333333333333
"518",1984,"NOR",27,134,8,11,0.167701863354037,0.421052631578947
"519",1996,"TUR",9,45,0,6,0.166666666666667,0
"520",1972,"AUT",25,126,5,3,0.165562913907285,0.625
"521",1956,"GER",38,192,12,42,0.165217391304348,0.222222222222222
"522",2004,"EGY",16,81,0,5,0.164948453608247,0
"523",1956,"NOR",11,56,0,7,0.164179104477612,0
"524",1956,"GBR",39,199,9,37,0.163865546218487,0.195652173913043
"525",2000,"MAR",9,46,1,4,0.163636363636364,0.2
"526",1960,"ROU",16,82,9,6,0.163265306122449,0.6
"527",1960,"CAN",21,108,2,28,0.162790697674419,0.0666666666666667
"528",2000,"SCG",18,93,1,24,0.162162162162162,0.04
"529",2016,"IRI",11,57,1,7,0.161764705882353,0.125
"530",1948,"CAN",25,130,6,16,0.161290322580645,0.272727272727273
"531",1952,"POL",25,130,0,4,0.161290322580645,0
"532",1928,"NED",44,229,15,42,0.161172161172161,0.263157894736842
"533",1992,"EST",9,47,1,2,0.160714285714286,0.333333333333333
"534",2012,"IRI",9,47,0,12,0.160714285714286,0
"535",1956,"AUT",15,79,5,11,0.159574468085106,0.3125
"536",1980,"CUB",33,175,1,19,0.158653846153846,0.05
"537",1948,"BRA",11,59,0,10,0.157142857142857,0
"538",1964,"BUL",11,59,0,10,0.157142857142857,0
"539",1972,"ROU",27,145,8,32,0.156976744186047,0.2
"540",1956,"NZL",8,43,0,3,0.156862745098039,0
"541",2016,"ALG",10,54,0,2,0.15625,0
"542",1928,"USA",47,257,23,79,0.154605263157895,0.225490196078431
"543",1952,"HUN",31,170,35,69,0.154228855721393,0.336538461538462
"544",1956,"YUG",8,44,0,23,0.153846153846154,0
"545",1976,"CUB",24,132,0,24,0.153846153846154,0
"546",1984,"PUR",8,44,0,2,0.153846153846154,0
"547",1996,"UZB",12,66,1,2,0.153846153846154,0.333333333333333
"548",1956,"USA",57,314,25,124,0.153638814016173,0.167785234899329
"549",1968,"FRA",42,233,6,30,0.152727272727273,0.166666666666667
"550",1968,"MEX",42,233,2,7,0.152727272727273,0.222222222222222
"551",1976,"POL",40,223,1,72,0.152091254752852,0.0136986301369863
"552",1968,"ROU",17,95,10,15,0.151785714285714,0.4
"553",1976,"DEN",10,56,0,8,0.151515151515152,0
"554",1984,"ARG",15,84,0,0,0.151515151515152,NA
"555",1960,"AUS",33,186,15,31,0.150684931506849,0.326086956521739
"556",1960,"HUN",28,159,7,59,0.149732620320856,0.106060606060606
"557",1948,"TCH",20,114,8,29,0.149253731343284,0.216216216216216
"558",1932,"USA",80,458,30,193,0.148698884758364,0.134529147982063
"559",1988,"IRL",9,52,0,0,0.147540983606557,NA
"560",1992,"IRL",9,52,0,2,0.147540983606557,0
"561",1956,"AUS",45,261,21,46,0.147058823529412,0.313432835820896
"562",1968,"JPN",34,198,9,54,0.146551724137931,0.142857142857143
"563",1976,"AUT",20,117,1,7,0.145985401459854,0.125
"564",1932,"CAN",21,123,6,53,0.145833333333333,0.101694915254237
"565",2004,"MAR",8,47,1,2,0.145454545454545,0.333333333333333
"566",1980,"SUI",17,100,2,9,0.145299145299145,0.181818181818182
"567",1976,"FRA",35,206,6,15,0.145228215767635,0.285714285714286
"568",1952,"USA",51,301,19,145,0.144886363636364,0.115853658536585
"569",1980,"NOR",9,54,5,10,0.142857142857143,0.333333333333333
"570",1984,"BRA",21,126,0,36,0.142857142857143,0
"571",1988,"AUT",22,132,2,11,0.142857142857143,0.153846153846154
"572",1988,"POR",10,60,1,0,0.142857142857143,1
"573",1956,"SWE",22,133,11,38,0.141935483870968,0.224489795918367
"574",1976,"ITA",38,230,3,32,0.141791044776119,0.0857142857142857
"575",1980,"BRA",15,91,0,9,0.141509433962264,0
"576",1956,"FRA",25,152,1,32,0.141242937853107,0.0303030303030303
"577",1988,"ESP",34,207,0,5,0.141078838174274,0
"578",1972,"FRA",37,230,2,23,0.138576779026217,0.08
"579",1960,"SWE",25,156,4,12,0.138121546961326,0.25
"580",1984,"FIN",18,113,8,23,0.137404580152672,0.258064516129032
"581",1968,"SWE",23,145,5,20,0.136904761904762,0.2
"582",1952,"FRA",37,234,2,39,0.136531365313653,0.048780487804878
"583",1972,"POL",46,291,2,45,0.136498516320475,0.0425531914893617
"584",1932,"POL",9,57,3,18,0.136363636363636,0.142857142857143
"585",1936,"YUG",15,95,0,1,0.136363636363636,0
"586",1960,"FRA",36,228,0,15,0.136363636363636,0
"587",1952,"URS",40,255,37,80,0.135593220338983,0.316239316239316
"588",1972,"IRL",8,51,0,0,0.135593220338983,NA
"589",1956,"ITA",27,173,0,55,0.135,0
"590",1924,"DEN",12,77,2,12,0.134831460674157,0.142857142857143
"591",1956,"URS",45,289,35,171,0.134730538922156,0.169902912621359
"592",1952,"JPN",11,71,0,12,0.134146341463415,0
"593",1952,"AUS",12,78,4,16,0.133333333333333,0.2
"594",1968,"ESA",8,52,0,0,0.133333333333333,NA
"595",1960,"ITA",41,267,7,82,0.133116883116883,0.0786516853932584
"596",1936,"USA",55,359,17,95,0.132850241545894,0.151785714285714
"597",1996,"SCG",9,59,2,24,0.132352941176471,0.0769230769230769
"598",1928,"HUN",16,105,0,21,0.132231404958678,0
"599",1936,"DEN",16,105,2,4,0.132231404958678,0.333333333333333
"600",2000,"CHI",7,46,0,17,0.132075471698113,0
"601",2000,"EST",7,46,0,3,0.132075471698113,0
"602",1960,"TCH",18,119,8,15,0.131386861313869,0.347826086956522
"603",1956,"JPN",16,106,0,25,0.131147540983607,0
"604",1948,"USA",48,321,24,144,0.130081300813008,0.142857142857143
"605",1928,"FRA",38,255,2,50,0.129692832764505,0.0384615384615385
"606",1964,"THA",7,47,0,0,0.12962962962963,NA
"607",1976,"NZL",11,74,0,25,0.129411764705882,0
"608",1952,"YUG",12,81,0,24,0.129032258064516,0
"609",1948,"BEL",21,142,1,20,0.128834355828221,0.0476190476190476
"610",1928,"GBR",34,230,21,38,0.128787878787879,0.35593220338983
"611",1948,"FRA",45,307,4,73,0.127840909090909,0.051948051948052
"612",1936,"NED",22,151,8,29,0.127167630057803,0.216216216216216
"613",1964,"TCH",19,131,9,62,0.126666666666667,0.126760563380282
"614",1972,"MEX",22,152,0,1,0.126436781609195,0
"615",1964,"NZL",8,56,1,5,0.125,0.166666666666667
"616",1952,"BUL",9,64,0,1,0.123287671232877,0
"617",1952,"CAN",18,128,0,21,0.123287671232877,0
"618",1960,"JPN",25,178,1,30,0.123152709359606,0.032258064516129
"619",1972,"NOR",22,157,3,22,0.122905027932961,0.12
"620",1968,"CUB",14,101,4,6,0.121739130434783,0.4
"621",1976,"NOR",13,94,1,15,0.121495327102804,0.0625
"622",1968,"NZL",7,51,0,7,0.120689655172414,0
"623",1948,"AUS",9,66,8,8,0.12,0.5
"624",1956,"RSA",6,44,4,3,0.12,0.571428571428571
"625",1960,"DEN",12,89,0,23,0.118811881188119,0
"626",1968,"BUL",14,104,0,26,0.11864406779661,0
"627",1968,"FIN",14,104,2,10,0.11864406779661,0.166666666666667
"628",1952,"SWE",32,239,8,85,0.118081180811808,0.0860215053763441
"629",1928,"GER",40,299,10,72,0.117994100294985,0.121951219512195
"630",1956,"SUI",8,60,3,10,0.117647058823529,0.230769230769231
"631",1996,"TUN",6,45,0,1,0.117647058823529,0
"632",1988,"NGR",8,61,0,0,0.115942028985507,NA
"633",1976,"FIN",15,115,6,16,0.115384615384615,0.272727272727273
"634",1960,"BUL",12,93,0,7,0.114285714285714,0
"635",1952,"FIN",35,272,4,48,0.11400651465798,0.0769230769230769
"636",1964,"DEN",7,55,0,12,0.112903225806452,0
"637",1972,"ITA",30,238,5,29,0.111940298507463,0.147058823529412
"638",1968,"YUG",11,88,2,27,0.111111111111111,0.0689655172413793
"639",1992,"IND",6,48,0,0,0.111111111111111,NA
"640",1948,"DEN",18,146,12,39,0.109756097560976,0.235294117647059
"641",1928,"CAN",10,82,7,38,0.108695652173913,0.155555555555556
"642",1952,"DEN",14,116,2,7,0.107692307692308,0.222222222222222
"643",1968,"ITA",23,191,1,40,0.107476635514019,0.024390243902439
"644",1952,"TCH",13,108,9,16,0.107438016528926,0.36
"645",1964,"NOR",9,75,0,15,0.107142857142857,0
"646",1952,"ITA",28,236,2,54,0.106060606060606,0.0357142857142857
"647",1928,"SWE",13,111,3,50,0.104838709677419,0.0566037735849057
"648",1936,"GER",51,437,27,204,0.104508196721311,0.116883116883117
"649",1948,"POL",7,60,0,2,0.104477611940299,0
"650",1932,"JPN",18,155,1,30,0.104046242774566,0.032258064516129
"651",1936,"POL",17,147,3,9,0.103658536585366,0.25
"652",1996,"CRO",9,78,0,28,0.103448275862069,0
"653",1948,"YUG",11,96,0,16,0.102803738317757,0
"654",1924,"GBR",31,280,15,80,0.0996784565916399,0.157894736842105
"655",1928,"AUT",11,100,3,8,0.0990990990990991,0.272727272727273
"656",1928,"DEN",9,82,0,15,0.0989010989010989,0
"657",1952,"NOR",17,156,1,31,0.0982658959537572,0.03125
"658",1960,"FIN",16,149,4,15,0.096969696969697,0.210526315789474
"659",1928,"ITA",18,169,12,60,0.0962566844919786,0.166666666666667
"660",1960,"LUX",5,47,0,0,0.0961538461538462,NA
"661",1972,"FIN",14,132,5,15,0.0958904109589041,0.25
"662",1972,"DEN",12,114,0,1,0.0952380952380952,0
"663",1924,"AUT",5,48,2,6,0.0943396226415094,0.25
"664",1984,"ESP",18,173,0,19,0.0942408376963351,0
"665",1964,"SUI",13,125,1,5,0.0942028985507246,0.166666666666667
"666",1928,"POL",11,106,1,19,0.094017094017094,0.05
"667",1900,"USA",7,68,5,58,0.0933333333333333,0.0793650793650794
"668",1936,"AUT",27,265,2,58,0.0924657534246575,0.0333333333333333
"669",1936,"HUN",22,216,11,32,0.092436974789916,0.255813953488372
"670",1976,"SUI",10,99,3,16,0.091743119266055,0.157894736842105
"671",1972,"PHI",5,50,0,0,0.0909090909090909,NA
"672",1948,"SWE",20,203,1,87,0.0896860986547085,0.0113636363636364
"673",1948,"ITA",24,245,2,66,0.0892193308550186,0.0294117647058824
"674",1980,"FIN",14,143,4,17,0.089171974522293,0.19047619047619
"675",1976,"BRA",7,72,0,3,0.0886075949367089,0
"676",2004,"SCG",8,83,1,12,0.0879120879120879,0.0769230769230769
"677",1976,"PUR",7,73,0,1,0.0875,0
"678",1960,"MEX",6,63,0,1,0.0869565217391304,0
"679",1972,"YUG",13,139,0,18,0.0855263157894737,0
"680",1976,"ESP",10,107,0,6,0.0854700854700855,0
"681",1968,"ARG",8,86,0,2,0.0851063829787234,0
"682",1952,"SUI",18,194,0,39,0.0849056603773585,0
"683",1960,"RSA",5,54,0,3,0.0847457627118644,0
"684",1952,"ROU",11,119,0,4,0.0846153846153846,0
"685",1964,"ITA",19,210,1,60,0.0829694323144105,0.0163934426229508
"686",1936,"BRA",6,67,0,0,0.0821917808219178,NA
"687",1984,"KEN",5,56,0,3,0.0819672131147541,0
"688",1936,"TCH",19,215,8,10,0.0811965811965812,0.444444444444444
"689",1960,"ESP",12,136,0,14,0.0810810810810811,0
"690",1924,"USA",26,297,24,170,0.0804953560371517,0.123711340206186
"691",1936,"NOR",8,92,2,44,0.08,0.0434782608695652
"692",1980,"JPN",4,46,0,1,0.08,0
"693",1936,"JPN",20,231,1,22,0.0796812749003984,0.0434782608695652
"694",1948,"MEX",7,81,0,9,0.0795454545454545,0
"695",1960,"BEL",8,93,0,4,0.0792079207920792,0
"696",1964,"FIN",11,129,6,14,0.0785714285714286,0.3
"697",1992,"PUR",6,71,0,1,0.0779220779220779,0
"698",1960,"YUG",9,107,0,17,0.0775862068965517,0
"699",1960,"POR",5,60,0,2,0.0769230769230769,0
"700",1972,"NZL",7,84,0,14,0.0769230769230769,0
"701",1968,"SUI",9,110,2,20,0.0756302521008403,0.0909090909090909
"702",1968,"DEN",5,62,0,17,0.0746268656716418,0
"703",1924,"FRA",33,411,2,118,0.0743243243243243,0.0166666666666667
"704",1948,"SUI",19,237,2,62,0.07421875,0.03125
"705",1956,"BUL",4,50,0,18,0.0740740740740741,0
"706",1936,"ITA",21,263,1,75,0.073943661971831,0.0131578947368421
"707",1980,"ESP",12,151,0,24,0.0736196319018405,0
"708",1960,"NOR",5,64,0,11,0.072463768115942,0
"709",1988,"PUR",4,52,0,0,0.0714285714285714,NA
"710",1912,"AUT",6,79,4,10,0.0705882352941176,0.285714285714286
"711",1948,"CHI",4,54,0,0,0.0689655172413793,NA
"712",1968,"PUR",4,54,0,0,0.0689655172413793,NA
"713",1948,"IRL",5,68,1,0,0.0684931506849315,1
"714",1924,"SWE",13,177,5,76,0.068421052631579,0.0617283950617284
"715",1920,"GBR",16,218,14,97,0.0683760683760684,0.126126126126126
"716",1972,"COL",4,55,0,3,0.0677966101694915,0
"717",1972,"BEL",6,83,0,2,0.0674157303370786,0
"718",1952,"ARG",9,126,0,6,0.0666666666666667,0
"719",1956,"BEL",4,57,0,2,0.0655737704918033,0
"720",1964,"MAS",4,57,0,0,0.0655737704918033,NA
"721",1932,"HUN",4,58,2,33,0.0645161290322581,0.0571428571428571
"722",1952,"CHI",4,58,0,4,0.0645161290322581,0
"723",1932,"FRA",7,104,1,41,0.0630630630630631,0.0238095238095238
"724",1952,"IND",4,60,0,15,0.0625,0
"725",1952,"RSA",4,60,3,11,0.0625,0.214285714285714
"726",1928,"BEL",13,198,0,6,0.0616113744075829,0
"727",1948,"NOR",8,122,0,31,0.0615384615384615,0
"728",1964,"ARG",7,107,0,1,0.0614035087719298,0
"729",1968,"BEL",5,77,0,3,0.0609756097560976,0
"730",1964,"IRI",4,62,0,2,0.0606060606060606,0
"731",1960,"TUR",3,48,0,9,0.0588235294117647,0
"732",1984,"GRE",4,65,0,2,0.0579710144927536,0
"733",1932,"GER",9,156,2,55,0.0545454545454545,0.0350877192982456
"734",1936,"LAT",3,52,0,2,0.0545454545454545,0
"735",1988,"KEN",4,70,0,9,0.0540540540540541,0
"736",1992,"MAR",3,53,0,3,0.0535714285714286,0
"737",2008,"IRI",3,53,0,2,0.0535714285714286,0
"738",1908,"GBR",39,696,13,355,0.0530612244897959,0.0353260869565217
"739",1960,"SUI",9,161,1,13,0.0529411764705882,0.0714285714285714
"740",1948,"ARG",11,197,1,10,0.0528846153846154,0.0909090909090909
"741",1964,"ESP",3,54,0,0,0.0526315789473684,NA
"742",1984,"EGY",6,109,0,1,0.0521739130434783,0
"743",1976,"ARG",4,73,0,0,0.051948051948052,NA
"744",1912,"SWE",23,421,4,186,0.0518018018018018,0.0210526315789474
"745",1976,"YUG",6,110,0,19,0.0517241379310345,0
"746",1980,"DEN",3,55,1,7,0.0517241379310345,0.125
"747",1952,"BRA",5,92,0,3,0.0515463917525773,0
"748",1976,"MEX",5,92,0,2,0.0515463917525773,0
"749",1924,"NED",9,168,1,26,0.0508474576271186,0.037037037037037
"750",1920,"SWE",13,247,7,147,0.05,0.0454545454545455
"751",1956,"FIN",5,97,3,35,0.0490196078431373,0.0789473684210526
"752",1920,"USA",14,274,14,180,0.0486111111111111,0.0721649484536082
"753",1936,"FRA",11,218,0,45,0.0480349344978166,0
"754",1972,"ESP",6,120,0,2,0.0476190476190476,0
"755",1964,"YUG",5,101,0,15,0.0471698113207547,0
"756",1952,"MEX",3,61,0,1,0.046875,0
"757",1936,"BEL",8,168,0,14,0.0454545454545455,0
"758",1976,"IRI",4,84,0,2,0.0454545454545455,0
"759",1936,"SUI",10,214,1,61,0.0446428571428571,0.0161290322580645
"760",1936,"SWE",9,193,2,43,0.0445544554455446,0.0444444444444444
"761",1936,"ROU",3,65,0,1,0.0441176470588235,0
"762",1932,"SWE",4,89,0,35,0.043010752688172,0
"763",1964,"MEX",4,90,0,1,0.0425531914893617,0
"764",1972,"ARG",4,90,0,1,0.0425531914893617,0
"765",1952,"POR",3,69,0,2,0.0416666666666667,0
"766",1992,"EGY",3,72,0,0,0.04,NA
"767",1924,"NOR",3,73,0,39,0.0394736842105263,0
"768",1928,"NOR",3,73,1,23,0.0394736842105263,0.0416666666666667
"769",1968,"BRA",3,73,0,4,0.0394736842105263,0
"770",1936,"FIN",5,122,0,36,0.0393700787401575,0
"771",1948,"FIN",6,147,2,40,0.0392156862745098,0.0476190476190476
"772",1928,"LUX",2,51,0,1,0.0377358490566038,0
"773",1936,"CHN",2,52,0,0,0.037037037037037,NA
"774",1936,"TUR",2,52,0,2,0.037037037037037,0
"775",1972,"BRA",3,78,0,2,0.037037037037037,0
"776",1924,"BEL",7,183,0,44,0.0368421052631579,0
"777",1912,"GBR",10,264,10,160,0.0364963503649635,0.0588235294117647
"778",1984,"CHI",2,54,0,0,0.0357142857142857,NA
"779",1972,"KEN",2,55,0,12,0.0350877192982456,0
"780",1952,"BEL",5,139,0,8,0.0347222222222222,0
"781",1928,"FIN",3,84,0,29,0.0344827586206897,0
"782",1924,"HUN",3,90,0,22,0.032258064516129,0
"783",1972,"GRE",2,61,0,2,0.0317460317460317,0
"784",1920,"NOR",6,187,1,136,0.0310880829015544,0.0072992700729927
"785",1980,"SYR",2,65,0,0,0.0298507462686567,NA
"786",1920,"BEL",10,326,0,188,0.0297619047619048,0
"787",1924,"SUI",5,165,0,69,0.0294117647058824,0
"788",1964,"BEL",2,66,0,3,0.0294117647058824,0
"789",1932,"MEX",2,71,0,2,0.0273972602739726,0
"790",1912,"GER",5,180,6,47,0.027027027027027,0.113207547169811
"791",1920,"FRA",8,296,5,136,0.0263157894736842,0.0354609929078014
"792",1920,"DEN",4,150,1,70,0.025974025974026,0.0140845070422535
"793",1924,"TCH",4,156,0,10,0.025,0
"794",1908,"GER",2,80,2,19,0.024390243902439,0.0952380952380952
"795",1928,"TCH",2,92,0,17,0.0212765957446809,0
"796",1924,"ESP",2,93,0,0,0.0210526315789474,NA
"797",1960,"ARG",2,96,0,4,0.0204081632653061,0
"798",1936,"ARG",1,50,1,10,0.0196078431372549,0.0909090909090909
"799",1936,"LUX",1,52,0,0,0.0188679245283019,NA
"800",1984,"TUR",1,52,0,3,0.0188679245283019,0
"801",1964,"IND",1,53,0,15,0.0185185185185185,0
"802",1924,"ITA",4,219,0,51,0.0179372197309417,0
"803",1906,"FRA",1,55,1,63,0.0178571428571429,0.015625
"804",1908,"SWE",3,165,1,83,0.0178571428571429,0.0119047619047619
"805",1932,"BRA",1,58,0,0,0.0169491525423729,NA
"806",1956,"IND",1,58,0,17,0.0169491525423729,0
"807",1900,"FRA",12,708,2,233,0.0166666666666667,0.00851063829787234
"808",1948,"URU",1,60,0,3,0.0163934426229508,0
"809",1964,"BRA",1,60,0,12,0.0163934426229508,0
"810",1948,"GRE",1,61,0,0,0.0161290322580645,NA
"811",1948,"TUR",1,61,0,12,0.0161290322580645,0
"812",1906,"GRE",5,307,5,97,0.016025641025641,0.0490196078431373
"813",1920,"FIN",1,62,1,51,0.0158730158730159,0.0192307692307692
"814",1968,"ESP",2,140,0,0,0.0140845070422535,NA
"815",1924,"POL",1,71,0,5,0.0138888888888889,0
"816",1960,"BRA",1,71,0,13,0.0138888888888889,0
"817",1924,"CAN",1,76,0,29,0.012987012987013,0
"818",1912,"FIN",2,162,0,71,0.0121951219512195,0
"819",1928,"SUI",2,171,0,42,0.0115606936416185,0
"820",1904,"USA",6,518,10,384,0.0114503816793893,0.0253807106598985
"821",1912,"NOR",2,188,1,79,0.0105263157894737,0.0125
"822",1900,"GBR",1,103,2,106,0.00961538461538462,0.0185185185185185
"823",1912,"FRA",1,118,2,24,0.00840336134453781,0.0769230769230769
"824",1920,"TCH",1,118,1,9,0.00840336134453781,0.1
"825",1920,"NED",1,129,0,50,0.00769230769230769,0
"826",1924,"FIN",1,135,1,66,0.00735294117647059,0.0149253731343284
"827",1912,"DEN",1,151,1,86,0.00657894736842105,0.0114942528735632
"828",1920,"ITA",1,173,0,84,0.00574712643678161,0
"829",1896,"GRE",0,102,0,48,0,0
"830",1900,"BEL",0,64,0,43,0,0
"831",1900,"GER",0,76,0,45,0,0
"832",1904,"CAN",0,56,0,48,0,0
"833",1906,"ITA",0,76,0,56,0,0
"834",1908,"BEL",0,70,0,33,0,0
"835",1908,"CAN",0,87,0,52,0,0
"836",1908,"DEN",0,78,0,17,0,0
"837",1908,"FIN",0,62,0,30,0,0
"838",1908,"FRA",0,208,0,40,0,0
"839",1908,"HUN",0,65,0,20,0,0
"840",1908,"ITA",0,66,0,8,0,0
"841",1908,"NED",0,113,0,16,0,0
"842",1908,"NOR",0,69,0,42,0,0
"843",1908,"USA",0,122,0,65,0,0
"844",1912,"HUN",0,121,0,30,0,0
"845",1912,"ITA",0,66,0,25,0,0
"846",1912,"RUS",0,159,0,14,0,0
"847",1912,"USA",0,174,0,107,0,0
"848",1920,"CAN",0,52,0,16,0,0
"849",1920,"ESP",0,58,0,23,0,0
"850",1920,"SUI",0,77,0,29,0,0
"851",1924,"ARG",0,77,0,10,0,0
"852",1928,"ARG",0,91,0,26,0,0
"853",1928,"ESP",0,80,0,3,0,0
"854",1932,"ITA",0,124,0,77,0,0
"855",1936,"EGY",0,53,0,5,0,0
"856",1948,"CUB",0,53,0,2,0,0
"857",1948,"EGY",0,85,0,5,0,0
"858",1948,"ESP",0,71,0,3,0,0
"859",1948,"IND",0,79,0,20,0,0
"860",1952,"EGY",0,106,0,1,0,0
"861",1952,"GRE",0,51,0,0,0,NA
"862",1952,"TUR",0,51,0,3,0,0
"863",1956,"PAK",0,55,0,14,0,0
"864",1960,"UAR",0,74,0,2,0,0
"865",1964,"EGY",0,73,0,0,0,NA
"866",1972,"IRI",0,52,0,3,0,0
"867",1972,"PUR",0,53,0,0,0,NA
"868",1980,"ALG",0,54,0,0,0,NA
"869",1980,"KUW",0,56,0,0,0,NA
